Sphere,Nom,Description,Duree,Cout_PP,Portee,Type,Jet_Resistance,Bonus,Malus,Jets_Des
Animiste,Aura Élémentaire,Entoure le lanceur d'une aura d'énergie élémentaire,2 rounds/rang,5,Personnel,Attaque,Magie,-,Dommages critiques aux créatures entrant dans l'aura,-
Animiste,Bouclier d'Énergie,Crée un bouclier d'énergie magique,2 rounds/rang,5,Touché,Utilitaire,-,Bonus Défensif +10,-,-
Animiste,Brises,Projette un cône de vent,Concentration,5,Personnel,Utilitaire,-,-,-,-
Animiste,Brouillard Opaque,Crée un brouillard dense,5 rounds/rang,8,15 mètres,Utilitaire,-,-,Obscurcit la vision,-
Animiste,Brume Narcotique,Crée une brume qui rend léthargique et somnolent,2 rounds/rang,11,15 mètres,Attaque,Esprit,-,-20 à -50 à toutes les actions,Jet de Résistance chaque round
Animiste,Bâton Animal,Transforme un bâton en animal,5 rounds/rang,6,Touché,Utilitaire,-,-,-,-
Animiste,Bâton de l'Animiste,Enchante un bâton,-,14,Touché,Utilitaire,-,Bonus Offensif +5. Additionneur de Points de Pouvoir +1,-,-
Animiste,Congélation,Abaisse la température d'un matériau,10 rounds/rang (C),6,3 mètres,Attaque,Magie,-,Risque de briser les objets métalliques,Jet de Résistance pour éviter l'abaissement de température
Animiste,Conjuration d'Animaux,Conjure un animal dans un but précis,Spécial,5,Personnel,Utilitaire,-,-,-,-
Animiste,Contrôle des Animaux,Contrôle les actions d'un animal,5 rounds/rang (C),5,30 mètres,Attaque,Magie,-,-,-
Animiste,Coup de Tonnerre,Crée un bruit colossal,-,6,15 mètres,Attaque,Magie,-,Rend sourd et/ou aveugle,Jet de Résistance en Cascade
Animiste,Crevasse,Crée une crevasse dans le sol,-,5,15 mètres,Utilitaire,-,-,Dommages de chute,-
Animiste,Croissance Végétale,Augmente le taux de croissance d'une plante,-,3,Touché,Utilitaire,-,-,-,-
Animiste,Dialectes de la Nature,Permet de comprendre et parler le langage des animaux,5 rounds/rang,4,Personnel,Utilitaire,-,-,-,-
Animiste,Dissipation du Brouillard,Disperse la brume ou le brouillard,-,9,30 mètres,Utilitaire,-,-,-,-
Animiste,Déflexions,Dévie un missile,-,7,30 mètres,Utilitaire,-,-,-,-
Animiste,Embrasement,Augmente la température d'un matériau,10 rounds/rang (C),6,3 mètres,Attaque,Magie,-,Risque de faire exploser les objets,Jet de Résistance pour éviter le changement d'état
Animiste,Expansion du Bois,Cause une expansion des parties en bois d'un objet,2 rounds/rang,3,Touché,Utilitaire,-,-,-,-
Animiste,Flash,Crée un éclair aveuglant,2 rounds/rang,6,Personnel,Attaque,Magie,-,Aveugle les créatures dans la zone d'effet,Jet de Résistance pour éviter d'être aveuglé
Animiste,Force de la Nature,Confère un bonus aux attaques de mêlée ou des capacités animales,2 rounds/rang,3,Touché,Utilitaire,-,Bonus Offensif +5 ou capacités animales,-,-
Animiste,Forme Végétale,Transforme le lanceur en plante,10 rounds/rang,5,Personnel,Utilitaire,-,-,-,-
Animiste,Fusion Arboricole,Permet au lanceur de se fondre dans un arbre,5 rounds/rang,5,Personnel,Utilitaire,-,-,-,-
Animiste,Lianes Enchevêtrées,Fait pousser la végétation pour attaquer les créatures,2 rounds/rang,8,15 mètres,Utilitaire,-,-,-,Attaques de la végétation sur la table des Filets/Lassos
Animiste,Mur d'Épines,Crée un mur de ronces et d'épines,2 rounds/rang,6,3 mètres,Utilitaire,-,-,Dommages aux créatures traversant le mur,-
Animiste,Mur de Terre,Crée un mur de terre compactée,2 rounds/rang,6,3 mètres,Utilitaire,-,-,-,-
Animiste,Mutation Animale,Transforme le lanceur en animal,10 rounds/rang,8,Personnel,Utilitaire,-,Capacités physiques de l'animal,-,-
Animiste,Nappe de Brouillard,Crée une nappe de brouillard autour de la cible,5 rounds/rang,10,3 mètres,Utilitaire,-,Dissimule la cible,Malus aux attaques depuis l'extérieur et l'intérieur de la nappe,-
Animiste,Ouverture des Eaux,Crée un corridor à travers une zone liquide,5 rounds/rang,10,Touché,Utilitaire,-,-,-,-
Animiste,Partage Sensoriel Animal,Partage une perception sensorielle d'un animal,Concentration,4,30 mètres,Attaque,Esprit,-,-,-
Animiste,Passage Naturel,Permet de passer au travers de substances naturelles,2 rounds/rang,6,Personnel,Utilitaire,-,-,-,-
Animiste,Passage sans Traces,Permet de marcher sans laisser de traces,Concentration,4,Personnel,Utilitaire,-,-,-,-
Animiste,Peau d'Écorce,Donne à la peau la texture et la protection de l'écorce,2 rounds/rang,4,Personnel,Utilitaire,-,Bonus Défensif,-,-
Animiste,Piques,Crée une zone de piques,5 rounds/rang,6,30 mètres,Utilitaire,-,-,Dommages aux créatures traversant la zone,Jet d'Attaque pour les piques
Animiste,Plante Carnivore,Transforme une plante en créature végétale animée,2 rounds/rang,8,15 mètres,Utilitaire,-,-,-,Attaques de la plante sur la table des Becs
Animiste,Rayon de Toile d'Araignée,Projette un rayon de toile d'araignée,-,5,15 mètres,Attaque,Magie,-,Critique Restreinte si la cible rate son Jet de Résistance,-
Animiste,Répulsion des Animaux,Empêche un animal d'entrer dans une zone,5 rounds/rang,6,3 mètres,Attaque,Esprit,-,-,Jet de Résistance pour résister au sort
Animiste,Sables Mouvants,Crée une zone de sables mouvants,5 rounds/rang,7,15 mètres,Utilitaire,-,-,Danger pour les créatures de petite taille,Jet de Perception pour repérer les sables mouvants
Animiste,Soins Mineurs,Soigne les blessures légères d'un personnage,-,3,Touché,Utilitaire,-,Soigne jusqu'à 25% des Points de Vie,-,-
Animiste,Soins des Plantes,Soigne les blessures d'une plante,-,2,Touché,Utilitaire,-,Soigne jusqu'à 50% des Points de Vie,-,-
Animiste,Souffle d'Épine,Projette une épine d'énergie magique,-,4,15 mètres,Attaque,Spécial,-,1 point de dommage + effets spéciaux,Jet d'Incantation utilisé comme Bonus Offensif
Animiste,Teintes,Donne à la peau et aux habits la couleur d'un objet organique,2 rounds/rang,3,Personnel,Utilitaire,-,Bonus en Dissimulation,-,-
Animiste,Toile d'Araignée,Crée une toile d'araignée qui ralentit le mouvement,5 rounds/rang,7,15 mètres,Utilitaire,-,-,Ralentissement du mouvement,Jet de Force pour se dégager
Animiste,Tournelame,Détourne une attaque de mêlée,-,5,Personnel,Utilitaire,-,-,Malus à l'attaque,-
Animiste,Transformation des Plantes,Façonne et dirige la croissance d'une plante,10 minutes,6,Touché,Utilitaire,-,-,-,-
Animiste,Transmutations du Sol,Transforme la pierre en terre ou vice versa,Permanent,14,3 mètres,Utilitaire,-,-,-,-
Animiste,Tunnel,Crée un tunnel dans la terre ou la pierre,5 rounds/rang,10,Touché,Utilitaire,-,-,-,-
Animiste,Vide,Supprime l'air dans une zone puis le force à revenir,1 round,4,15 mètres,Attaque,Corps,-,Critique d'Impact aux créatures dans la zone,-
Animiste,Vigilance de la Nature,Permet de percevoir les activités des animaux,Concentration,5,30 mètres,Utilitaire,-,-,-,-
Aventurier,Accrochage,Permet de grimper sur des surfaces verticales ou inversées,2 rounds/rang,4,Personnel,Utilitaire,-,3 points de contact,Pénalités de terrain difficile et d'encombrement,-
Aventurier,Amélioration d'Armure,Enchante l'armure pour la rendre plus résistante,5 rounds/rang,5,Touché,Utilitaire,-,+10 BD,-,-
Aventurier,Arme Élémentaire,Enchante une arme de mêlée pour qu'elle délivre un Critique Additionnel élémentaire,2 rounds/rang,3,Touché,Utilitaire,-,Critique Additionnel,Critique d'un niveau inférieur à l'attaque initiale,-
Aventurier,Atténuation Sonore,Crée une zone où les sons sont atténués,5 rounds/rang,6,15 mètres,Utilitaire,-,Atténue les sons,N'atténue pas les bruits très importants,-
Aventurier,Bracelets de Force,Empêche la cible de bouger ou d'agir,2 rounds/rang,5,15 mètres,Attaque,Magie,-,Empêche les actions physiques,-
Aventurier,Connaissance des Chemins,Permet de connaître les points de départ et d'arrivée d'un chemin,-,2,Personnel,Utilitaire,-,Connaissance des points de départ et d'arrivée,-,-
Aventurier,Connaissance des Poisons,Permet de connaître la nature et le type d'un poison,-,3,Personnel,Utilitaire,-,Identification du poison,-,-
Aventurier,Coup de Marteau,Permet à une arme de délivrer le double de Points de Vie lors d'une attaque,2 rounds/rang,3,Touché,Utilitaire,-,Double les Points de Vie,-,-
Aventurier,Distractions,Pénalise la cible à toutes ses actions,2 rounds/rang,5,30 mètres,Attaque,Esprit,-,-20 à toutes les actions,-
Aventurier,Découverte d'Abri,Permet de trouver un abri,-,3,Personnel,Utilitaire,-,Localisation d'un abri,N'indique pas si l'abri est sûr,-
Aventurier,Déviation,Permet de dévier une attaque de mêlée,-,5,Personnel,Utilitaire,-,-20 à l'attaque,-,-
Aventurier,Infravision,Permet de voir dans le noir total,5 rounds/rang,5,Touché,Utilitaire,-,Vision dans le noir total (15 m),Ne voit pas les couleurs,-
Aventurier,Lame d'Énergie,Crée une lame d'énergie magique,2 rounds/rang,5,Touché,Utilitaire,-,Arme magique,Nécessite une poignée d'arme spéciale,-
Aventurier,Langages,Permet de parler la langue maternelle d'une créature,5 rounds/rang,4,Personnel,Utilitaire,-,Parler une langue étrangère,Nécessite de se concentrer,-
Aventurier,Localisation de Nourriture,Permet de trouver de la nourriture,-,2,Personnel,Utilitaire,-,Localisation de nourriture,-,-
Aventurier,Lumière du Mage,Crée une boule de flammes illusoire qui éclaire,1 heure,3,Personnel,Utilitaire,-,Éclaire sur 3 m de rayon,Nécessite de se concentrer,-
Aventurier,Mine,Crée une mine magique qui explose au contact,1 heure,9,3 mètres,Attaque,Magie,-,Attaque à l'explosion,-
Aventurier,Onde de Force,Génère une onde de force kinétique qui repousse les créatures,-,6,Personnel,Attaque,Magie,-,Repousse les créatures,-
Aventurier,Peau d'Acier,Rend la peau aussi résistante que de l'acier,2 rounds/rang,4,Personnel,Utilitaire,-,+10 BD (équivalent Cuir Souple),-,-
Aventurier,Projection Sensorielle,Permet de déplacer un sens,2 rounds/rang,3,Personnel,Utilitaire,-,Déplacement d'un sens,Perd le sens projeté,-
Aventurier,Quiétude,Empêche la cible d'agir agressivement,5 rounds/rang,6,30 mètres,Attaque,Esprit,-,Pacifie la cible,-
Aventurier,Secousses,Étourdit la cible,1 round,3,15 mètres,Attaque,Magie,-,Étourdit la cible,-
Aventurier,Teintes,Change la couleur de la peau et des habits pour se camoufler,2 rounds/rang,3,Personnel,Utilitaire,-,+10 en Dissimulation,-,-
Aventurier,Tir de Grenaille,Projette une décharge de grenaille magique,-,7,15 mètres,Attaque,-,-,Attaque de zone,-,-
Barde,Charme,La cible pense que le jeteur est son ami,5 rounds/rang (C),4,15 mètres,Attaque,Esprit,-,-,-
Barde,Confusion,La cible est confuse et ne peut entreprendre aucune action,Concentration,4,15 mètres,Attaque,Esprit,-,-,-
Barde,Distractions,La cible reçoit une pénalité à toutes ses actions,2 rounds/rang,5,30 mètres,Attaque,Esprit,-,-20 à toutes les actions,-
Barde,Fantasmes,Crée une image unique d'un objet ou d'une personne,5 rounds/rang (C),5,30 mètres,Utilitaire,-,-,-,-
Barde,Langages,Le jeteur peut parler la langue maternelle d'une créature,5 rounds/rang,4,Personnel,Utilitaire,-,Parler une langue étrangère,-,-
Barde,Lecture Rapide,Le jeteur peut lire à grande vitesse,Concentration,3,Personnel,Utilitaire,-,-,-,-
Barde,Projection de la Voix,Le jeteur parle et sa voix sera entendue depuis un point choisi,Concentration,4,30 mètres,Utilitaire,-,-,-,-
Barde,Quiétude,La cible n'entreprend aucune action agressive,5 rounds/rang,6,30 mètres,Attaque,Esprit,-,-,-
Barde,Secousses,La cible est étourdie si elle rate son JR,1 round,3,15 mètres,Attaque,Magie,-,-,-
Barde,Sommeil,La cible tombe dans un sommeil magique léger,2 rounds/rang,4,15 mètres,Attaque,Magie,-,-,-
Barde,Visions du Passé,Le jeteur a une vision du passé,Spécial (C),3,Personnel,Utilitaire,-,-,-,-
Barde,Voies Silencieuses,Crée une sphère de silence autour de la cible,2 rounds/rang,3,Personnel,Utilitaire,-,+25 aux manœuvres de Dissimulation,-,-
Barde,Voies de la Transformation,Altère la forme de la cible pour celle d'une autre race humanoïde,10 rounds/rang,8,3 mètres,Utilitaire,-,-,-,-
Barde,Voix Envoutante,La cible va croire tous les raisonnements du jeteur,Concentration,3,3 mètres,Attaque,Esprit,-,-,-
Elémentaliste,Anti-Corrosion,Prévient la corrosion d'objets en cuivre ou bronze,1 semaine,11,Touché,Utilitaire,-,-,-,-
Elémentaliste,Aura Élémentaire,Entoure le jeteur d'une aura d'énergie élémentaire,2 rounds/rang,5,Personnel,Attaque,Magie,-,Dommages critiques aux créatures entrant dans l'aura,-
Elémentaliste,Brises,Projette un cône de vent,Concentration,5,Personnel,Utilitaire,-,-,-,-
Elémentaliste,Brouillard Opaque,Crée un brouillard dense non naturel,5 rounds/rang,8,15 mètres,Utilitaire,-,-,-,-
Elémentaliste,Conflagration,Enflamme les matériaux combustibles,-,5,30 mètres,Attaque,-,-,-,-
Elémentaliste,Congélation,Fait baisser la température d'un matériau inanimé,10 rounds/rang (C),6,3 mètres,Attaque,Magie,-,-,-
Elémentaliste,Contrôle du Climat,Altère la température et l'humidité,5 rounds/rang,6,Personnel,Utilitaire,-,-,-,-
Elémentaliste,Coup de Tonnerre,Crée un bruit colossal,-,6,15 mètres,Attaque,Magie,-,-,-
Elémentaliste,Crevasse,Crée une fissure dans le sol,-,5,15 mètres,Utilitaire,-,-,-,-
Elémentaliste,Cône Elémentaire,Projette un cône de force élémentaire brute,-,7,Personnel,Attaque,-,-,-,-
Elémentaliste,Dissipation du Brouillard,Disperse toute brume ou brouillard,-,9,30 mètres,Utilitaire,-,-,-,-
Elémentaliste,Déflexions,Dévie un missile,-,7,30 mètres,Utilitaire,-,-,-,-
Elémentaliste,Démon de Flammes,Donne à un feu la forme d'humanoïde,10 rounds/rang (C),5,15 mètres,Utilitaire,-,-,-,-
Elémentaliste,Démon de Fumée,Donne à une fumée la forme d'humanoïde,10 rounds/rang (C),5,15 mètres,Utilitaire,-,-,-,-
Elémentaliste,Démon de Pierre,Donne à un tas de pierre la forme d'humanoïde,10 rounds/rang (C),5,15 mètres,Utilitaire,-,-,-,-
Elémentaliste,Embrasement,Fait augmenter la température d'un matériau inanimé,10 rounds/rang (C),6,3 mètres,Attaque,Magie,-,-,-
Elémentaliste,Extinction des Feux,Éteint tous les feux naturels dans une zone,5 rounds/rang,5,3 mètres,Utilitaire,-,-,-,-
Elémentaliste,Flash,Crée un éclair aveuglant,2 rounds/rang,6,Personnel,Attaque,Magie,-,-,-
Elémentaliste,Forge Ardente,Fait brûler un feu de manière plus efficace,1 heure,8,15 mètres,Utilitaire,-,-,-,-
Elémentaliste,Forme Aquatique,Transforme la cible en une masse liquide,2 rounds/rang,4,Touché,Utilitaire,-,-,-,-
Elémentaliste,Forme Brumeuse,Transforme la cible en une masse de brouillard,2 rounds/rang,4,Touché,Utilitaire,-,-,-,-
Elémentaliste,Inversion de la Corrosion,Restaure un objet corrodé à son état initial,24 heures,11,Touché,Utilitaire,-,-,-,-
Elémentaliste,Missile Élémentaire,Enchante un missile pour qu'il délivre un Critique Élémentaire,2 rounds/rang,4,Touché,Utilitaire,-,-,-,-
Elémentaliste,Mouvement Sous-Marin,Permet de se déplacer sous l'eau comme sur terre,5 rounds/rang,5,Touché,Utilitaire,-,-,-,-
Elémentaliste,Mur d'Air,Crée un mur d'air tourbillonnant,2 rounds/rang,5,3 mètres,Utilitaire,-,-,-,-
Elémentaliste,Mur d'Eau,Crée un mur d'eau tourbillonnante,2 rounds/rang,5,3 mètres,Utilitaire,-,-,-,-
Elémentaliste,Mur de Brouillard Glacé,Crée un mur de brouillard glacé tourbillonnant,2 rounds/rang,4,30 mètres,Utilitaire,-,-,-,-
Elémentaliste,Mur de Feu,Crée un mur de flammes intenses,2 rounds/rang,4,30 mètres,Utilitaire,-,-,-,-
Elémentaliste,Mur de Glace,Crée un mur de glace solide,2 rounds/rang,5,3 mètres,Utilitaire,-,-,-,-
Elémentaliste,Mur de Terre,Crée un mur de terre compactée,2 rounds/rang,6,3 mètres,Utilitaire,-,-,-,-
Elémentaliste,Nuage Étourdissant,Crée un nuage chargé de particules,6 rounds,5,15 mètres,Attaque,Magie,-,-,-
Elémentaliste,Ouverture des Eaux,Crée un corridor traversant une zone liquide,5 rounds/rang,10,Touché,Utilitaire,-,-,-,-
Elémentaliste,Peau de Pierre,Transforme la peau de la cible en pierre,2 rounds/rang,4,Touché,Utilitaire,-,-,-,-
Elémentaliste,Piques,Remplit une zone de piques pointues et coupantes,5 rounds/rang,6,30 mètres,Utilitaire,-,-,-,-
Elémentaliste,Piège Élémentaire,Enchante un objet pour qu'il déclenche un piège élémentaire,1 heure,10,3 mètres,Utilitaire,-,-,-,-
Elémentaliste,Protection Elémentaire,Réduit le tirage des critiques obtenus suite à des attaques élémentaires,2 rounds/rang,4,Touché,Utilitaire,-,-,-,-
Elémentaliste,Rayon Elémentaire,Projette un rayon de force élémentaire brute,-,4,30 mètres,Attaque,-,-,-,-
Elémentaliste,Résistance Élémentaire,Protège contre les attaques élémentaires basées sur l'élément choisi,5 rounds/rang,6,Touché,Utilitaire,-,-,-,-
Elémentaliste,Sables Mouvants,Crée une zone de sables mouvants,5 rounds/rang,7,15 mètres,Utilitaire,-,-,-,-
Elémentaliste,Secousse,Fait trembler le sol sous les pieds de la cible,2 rounds/rang,5,15 mètres,Attaque,Spécial,-,-,-
Elémentaliste,Sphère Elémentaire,Projette une sphère de force élémentaire brute,-,6,30 mètres,Attaque,-,-,-,-
Elémentaliste,Touché Brûlant,Couvre les mains du jeteur d'énergie élémentaire,2 rounds/rang,5,Personnel,Utilitaire,-,-,-,-
Elémentaliste,Tournelame,Détourne une attaque de mêlée,-,5,Personnel,Utilitaire,-,-,-,-
Elémentaliste,Tranchée,Crée une tranchée dans le sol,-,5,3 mètres,Utilitaire,-,-,-,-
Elémentaliste,Transmutations du Sol,Transforme la pierre en terre compactée,Permanent,14,3 mètres,Utilitaire,-,-,-,-
Elémentaliste,Tunnel,Crée un tunnel dans la terre ou la pierre,5 rounds/rang,10,Touché,Utilitaire,-,-,-,-
Elémentaliste,Vide,Supprime l'air dans une zone,1 round,4,15 mètres,Attaque,Corps,-,-,-
Guérisseur,Armure Céleste,Crée une armure intangible translucide et brillante,2 rounds/rang,7,Personnel,Utilitaire,-,-,-,-
Guérisseur,Attachement de l'Âme,L'âme quitte le corps après un délai,1 heure/rang,8,Touché,Utilitaire,-,-,-,-
Guérisseur,Bannissement d'Esprit,Renvoie la cible vers le Monde des Esprits,-,7,15 mètres,Attaque,Magie,-,-,-
Guérisseur,Bannissement de Créature,Bannit un animal ou un monstre conjuré,-,4,30 mètres,Attaque,Magie,-,-,-
Guérisseur,Bénédiction,Confère un bonus à divers jets,2 rounds/rang,4,3 mètres,Utilitaire,-,Bonus de +5 à +25,-,-
Guérisseur,Bénédiction d'Arme,Augmente le Bonus Offensif d'une arme,2 rounds/rang,4,Touché,Utilitaire,-,Bonus de +5 à +25 OB,-,-
Guérisseur,Conjuration d'Animaux,Conjure un animal pour un but précis,Spécial,5,Personnel,Utilitaire,-,-,-,-
Guérisseur,Conjuration de Créatures Aquatiques,Conjure un animal aquatique,2 rounds/rang,6,Personnel,Utilitaire,-,-,-,-
Guérisseur,Conjuration de Créatures Terrestres,Conjure un animal terrestre,2 rounds/rang,6,Personnel,Utilitaire,-,-,-,-
Guérisseur,Conjuration de Créatures Volantes,Conjure un animal volant,2 rounds/rang,6,Personnel,Utilitaire,-,-,-,-
Guérisseur,Contrôle des Animaux,Contrôle les actions d'un animal,5 rounds/rang (C),5,30 mètres,Attaque,Magie,-,-,-
Guérisseur,Contrôle des Créatures Aquatiques,Contrôle les actions d'un animal aquatique,2 rounds/rang,8,30 mètres,Attaque,Magie,-,-,-
Guérisseur,Contrôle des Créatures Terrestres,Contrôle les actions d'un animal terrestre,2 rounds/rang,8,30 mètres,Attaque,Magie,-,-,-
Guérisseur,Contrôle des Créatures Volantes,Contrôle les actions d'un animal volant,2 rounds/rang,8,30 mètres,Attaque,Magie,-,-,-
Guérisseur,Contrôle des Morts-Vivants,Contrôle un mort-vivant,Concentration,6,30 mètres,Attaque,Magie,-,-,-
Guérisseur,Contrôle des Plantes,Contrôle les processus mentaux d'une plante,2 rounds/rang,8,30 mètres,Attaque,Magie,-,-,-
Guérisseur,Contrôle du Climat,Altère la température et l'humidité,5 rounds/rang,6,Personnel,Utilitaire,-,-,-,-
Guérisseur,Croissance,Modifie la taille de la cible,5 rounds/rang,6,Touché,Utilitaire,-,-,-,-
Guérisseur,Croissance Végétale,Augmente le taux de croissance d'une plante,-,3,Touché,Utilitaire,-,-,-,-
Guérisseur,Dialectes de la Nature,Comprend et parle le langage des animaux,5 rounds/rang,4,Personnel,Utilitaire,-,-,-,-
Guérisseur,Direction,Indique la direction d'une destination,5 rounds/rang (C),3,Personnel,Utilitaire,-,-,-,-
Guérisseur,Déflexions,Dévie un missile,-,7,30 mètres,Utilitaire,-,-,-,-
Guérisseur,Force de la Nature,Confère un bonus aux attaques de mêlée,2 rounds/rang,3,Touché,Utilitaire,-,Bonus de +5 à +25 BO,-,-
Guérisseur,Forme Animale,Prend la forme d'un animal,10 rounds/rang,5,Personnel,Utilitaire,-,-,-,-
Guérisseur,Forme Végétale,Prend la forme d'une plante,10 rounds/rang,5,Personnel,Utilitaire,-,-,-,-
Guérisseur,Fusion Arboricole,Se fond dans un arbre,5 rounds/rang,5,Personnel,Utilitaire,-,-,-,-
Guérisseur,Intensification des Plantes,Double les effets liés à l'utilisation d'une Plante,10 rounds/rang,4,Touché,Utilitaire,-,-,-,-
Guérisseur,Intuition,Acquiert une vision de ce qui va se produire,-,3,Personnel,Utilitaire,-,-,-,-
Guérisseur,Lien Télépathique,Crée un lien télépathique entre le jeteur et une cible,5 rounds/rang,7,Touché,Utilitaire,-,-,-,-
Guérisseur,Marteau Céleste,Augmente les dommages d'une arme,2 rounds/rang,5,Touché,Utilitaire,-,-,-,-
Guérisseur,Mur d'Air,Crée un mur d'air tourbillonnant,2 rounds/rang,5,3 mètres,Utilitaire,-,-,-,-
Guérisseur,Neutralisation du Poison,Stoppe tout dommage ou intoxication par le poison,-,3,Touché,Utilitaire,-,-,-,-
Guérisseur,Nuage de Larmes,Crée un nuage de gaz toxique,5 rounds,5,15 mètres,Attaque,Magie,-,-,-
Guérisseur,Partage Sensoriel Animal,Partage une des perceptions sensorielles d'un animal,Concentration,4,30 mètres,Attaque,Esprit,-,-,-
Guérisseur,Peau d'Écorce,La peau du jeteur acquiert une texture rugueuse,2 rounds/rang,4,Personnel,Utilitaire,-,-,-,-
Guérisseur,Quiétude,La cible n'entreprend aucune action agressive,5 rounds/rang,6,30 mètres,Attaque,Esprit,-,-,-
Guérisseur,Rajeunissement,Rajeunit la cible de 5 années,-,16,Touché,Utilitaire,-,-,-,-
Guérisseur,Rapetissement,Diminue la taille de la cible,5 rounds/rang,5,Touché,Utilitaire,-,-,-,-
Guérisseur,Rayon Céleste,Projette un rayon d'énergie céleste,-,5,15 mètres,Attaque,-,-,-,-
Guérisseur,Restauration,Restaure les points de Constitution perdus,-,3,Touché,Utilitaire,-,-,-,-
Guérisseur,Revivification,Restaure le lien entre l'esprit et le corps,-,12,Touché,Utilitaire,-,-,-,-
Guérisseur,Répulsion des Animaux,Empêche un animal d'entrer dans une aire d'effet,5 rounds/rang,6,3 mètres,Attaque,Esprit,-,-,-
Guérisseur,Répulsion des Morts-Vivants,Cause la fuite ou la désintégration de morts-vivants,5 rounds/rang,7,30 mètres,Attaque,Magie,-,-,-
Guérisseur,Rêves,Rêve d'un sujet choisi lors de l'incantation,1 rêve,3,Personnel,Utilitaire,-,-,-,-
Guérisseur,Saturation Sensorielle,Submerge la cible sous un déluge sonore,2 rounds,5,15 mètres,Attaque,Magie,-,-,-
Guérisseur,Soin de la Folie,Soigne une maladie mentale naturelle,-,3,3 mètres,Utilitaire,-,-,-,-
Guérisseur,Soin des Maladies,Stoppe la propagation d'une maladie,Permanent,12,Touché,Utilitaire,-,-,-,-
Guérisseur,Soins Majeurs,Soigne les blessures d'un personnage,1 round,4,Touché,Utilitaire,-,-,-,-
Guérisseur,Soins Mineurs,Soigne les blessures d'un personnage,-,3,Touché,Utilitaire,-,-,-,-
Guérisseur,Soins des Plantes,Soigne les blessures d'une plante,-,2,Touché,Utilitaire,-,-,-,-
Guérisseur,Sphère Céleste,Projette une sphère d'énergie céleste,-,7,15 mètres,Attaque,-,-,-,-
Guérisseur,Suggestion,La cible obéira à une unique suggestion,-,6,3 mètres,Attaque,Esprit,-,-,-
Guérisseur,Tournelame,Détourne une attaque de mêlée,-,5,Personnel,Utilitaire,-,-,-,-
Guérisseur,Transformation Animale,Transforme la cible en un animal,5 rounds/rang,6,3 mètres,Utilitaire,-,-,-,-
Guérisseur,Transformation Monstrueuse,Transforme la cible en un monstre,5 rounds/rang,7,3 mètres,Utilitaire,-,-,-,-
Guérisseur,Transformation Végétale,Transforme la cible en une plante,10 rounds/rang,6,3 mètres,Utilitaire,-,-,-,-
Guérisseur,Voies de la Transformation,Altère la forme de la cible pour celle d'une autre race humanoïde,10 rounds/rang,8,3 mètres,Utilitaire,-,-,-,-
Guerrier-Mage,Amélioration d'Armure,Enchante l'armure pour la rendre plus résistante,5 rounds/rang,5,Touché,Utilitaire,-,-,-,-
Guerrier-Mage,Arme Dansante,Anime une arme de mêlée pour défendre le jeteur,2 rounds/rang,3,Touché,Utilitaire,-,-,-,-
Guerrier-Mage,Arme Élémentaire,Enchante une arme de mêlée pour délivrer un Critique Additionnel élémentaire,2 rounds/rang,3,Touché,Utilitaire,-,-,-,-
Guerrier-Mage,Bouclier Magique,Crée un bouclier d'énergie transparente,2 rounds/rang,3,Personnel,Utilitaire,-,-,-,-
Guerrier-Mage,Bouclier d'Énergie,Crée un bouclier d'énergie magique solide,2 rounds/rang,5,Touché,Utilitaire,-,-,-,-
Guerrier-Mage,Charge Puissante,Effectue une action de Charge à x2 MdB sans pénalité,1 round,2,Personnel,Utilitaire,-,-,-,-
Guerrier-Mage,Coup de Marteau,Double les Points de Vie délivrés par une attaque,2 rounds/rang,3,Touché,Utilitaire,-,-,-,-
Guerrier-Mage,Déflexions,Dévie un missile,-,7,30 mètres,Utilitaire,-,-,-,-
Guerrier-Mage,Furie Armée,Augmente la taille d'attaque de l'arme,2 rounds/rang,5,Touché,Utilitaire,-,-,-,-
Guerrier-Mage,Lame Empoisonnée,Recouvre une lame de poison magique,2 rounds/rang,4,Touché,Utilitaire,-,-,-,-
Guerrier-Mage,Lame d'Énergie,Crée une lame d'énergie magique solide,2 rounds/rang,5,Touché,Utilitaire,-,-,-,-
Guerrier-Mage,Lames Gardiennes,Crée une barrière de lames tourbillonnantes,2 rounds/rang,3,3 mètres,Utilitaire,-,-,-,-
Guerrier-Mage,Missile Élémentaire,Enchante un missile pour délivrer un Critique Additionnel élémentaire,2 rounds/rang,4,Touché,Utilitaire,-,-,-,-
Guerrier-Mage,Murmure Au Loin,Permet de murmurer à distance,Concentration,4,Personnel,Utilitaire,-,-,-,-
Guerrier-Mage,Peau d'Acier,Rends la peau du jeteur aussi résistante qu'une armure de Cuir Souple,2 rounds/rang,4,Personnel,Utilitaire,-,-,-,-
Guerrier-Mage,Projection de l'Écoute,Déplace le point central d'audition du jeteur,5 rounds/rang,6,Personnel,Utilitaire,-,-,-,-
Guerrier-Mage,Projection de la Vision,Déplace le point central de vision du jeteur,5 rounds/rang,6,Personnel,Utilitaire,-,-,-,-
Guerrier-Mage,Puissance du Combattant,Augmente le Bonus Offensif et les manœuvres liées à la Force,2 rounds/rang,5,Personnel,Utilitaire,-,-,-,-
Guerrier-Mage,Rechargement d'Arme,Recharge automatiquement une fronde,2 rounds/rang,5,Personnel,Utilitaire,-,-,-,-
Guerrier-Mage,Résistance aux Dommages,Ignore temporairement un Critique infligeant des dommages,5 rounds/rang,7,Personnel,Utilitaire,-,-,-,-
Guerrier-Mage,Sphère de Force,Crée une hémisphère de force magique,2 rounds/rang,5,Personnel,Utilitaire,-,-,-,-
Guerrier-Mage,Tireur d'Élite,Réduit les pénalités associées à la portée des armes à distance,2 rounds/rang,3,Personnel,Utilitaire,-,-,-,-
Guerrier-Mage,Tournelame,Détourne une attaque de mêlée,-,5,Personnel,Utilitaire,-,-,-,-
Haute Magie,Alarme Nodale,S'accorde au Point Nexus,5 rounds/rang,6,Personnel,Utilitaire,-,-,-,-
Haute Magie,Alarme de Ligne de Force,Se met en Accord avec une Ligne de Force,5 rounds/rang,7,Personnel,Utilitaire,-,-,-,-
Haute Magie,Canalisation de Mana,Canalise la Mana pure dans un objet non organique,Concentration,5,Touché,Utilitaire,-,-,-,-
Haute Magie,Communication Nodale,Permet de parler mentalement à une personne sur le même Point Nexus,Concentration,4,Personnel,Utilitaire,-,-,-,-
Haute Magie,Coordination,Permet aux mages liés de partager leur Mana,10 minutes,10,Touché,Utilitaire,-,-,-,-
Haute Magie,Grande Imprégnation,Rend permanente toute magie générant jusqu'à 50 PP d'effets,Instantané,200,Touché,Utilitaire,-,-,-,-
Haute Magie,Imprégnation Mineure,Rend permanente toute magie générant jusqu'à 20 PP d'effets,Instantané,100,Touché,Utilitaire,-,-,-,-
Haute Magie,Mutualisation de Mana,Permet au Mage principal de recevoir de la Mana des autres Mages,Spécial,0,Touché,Utilitaire,-,-,-,-
Haute Magie,Portail Nodal,Téléporte la cible à un endroit proche d'un Point Nexus,-,6,15 mètres,Utilitaire,-,-,-,-
Haute Magie,Stabilisation de Matrices,Prépare les esprits des autres Mages dans une Chaine,1 heure,20,Touché,Utilitaire,-,-,-,-
Haute Magie,Transport sur une Ligne de Force,Téléporte une cible le long d'une Ligne de Force,-,6,15 mètres,Utilitaire,-,-,-,-
Haute Magie,Verrou Nodal,Empêche l'utilisation de l'énergie d'un Point Nexus,1 minute/rang,7,Touché,Utilitaire,-,-,-,-
Magicien,Amélioration d'Armure,Enchante l'armure pour une meilleure résistance aux dommages,5 rounds/rang,5,Touché,Utilitaire,-,+10 BD (de base),-,-
Magicien,Anti-Corrosion,Prévient la corrosion/rouille sur le cuivre/bronze,1 semaine,11,Touché,Utilitaire,-,-,-,-
Magicien,Armure du Mage,Crée une aura protectrice équivalente à une armure de Cuir Souple,2 rounds/rang,4,Personnel,Utilitaire,-,+10 BD (de base) absence de pénalités d'armure,-,-
Magicien,Bannissement d'Esprit,Renvoie une cible vers le Monde des Esprits,-,7,15 mètres,Attaque,Magie,-,-,-
Magicien,Batterie,Enchante un objet pour stocker jusqu'à 10 PP pendant 24h,24 heures,10,Touché,Utilitaire,-,-,Manœuvre Difficile d'Accord/Projection de Pouvoir modifiée pour les non-jeteurs,-
Magicien,Bouclier d'Énergie,Crée un bouclier d'énergie transparent,2 rounds/rang,5,Touché,Utilitaire,-,+10 BD (si compétence bouclier) utilisation table des Critiques d'Impact pour les attaques,-,-
Magicien,Bracelets de Force,Immobilise la cible,2 rounds/rang,5,15 mètres,Attaque,Magie,-,-,-
Magicien,Bâton de Mage,Enchante un bâton pour en faire un Additionneur de PP ou de Sort,Permanent,13,Touché,Utilitaire,-,-,-,-
Magicien,Choc,Crée une décharge électrique infligeant un Critique d'Électricité de niveau A,-,4,15 mètres,Attaque,Magie,-,-,-
Universelle,Voies du Verrouillage,Verrouille ou déverrouille une serrure simple non magique,-,2,Touché,Utilitaire,-,-,-,-
